Session ID,TC ID,Test Result
2705627,2081905,Passed
2705627,2603696,Passed
2705627,2158737,Passed
2705627,2603698,Passed
2633212,2633217,Passed
2633194,2431689,Passed
2633192,2625079,Passed
2633190,2625034,Passed
2633190,2625036,Passed
2633190,2625038,Passed
2633190,2622040,Passed
2603688,1843507,Passed
2598355,1465278,Passed
2598355,1465276,Passed
2598355,1465303,Passed
2598355,1465274,Passed
2598355,1465280,Passed
2580362,1712637,Passed
2580362,1712647,Passed
2580362,1712635,Passed
2580362,1712643,Passed
2580362,1712645,Passed
2580362,1712572,Passed
2580362,1712639,Passed
2580362,1712566,Passed
2580362,1712641,Passed
2580362,1712619,Passed
2580362,1712613,Passed
2580362,1712568,Passed
2580362,1712615,Passed
2580362,1712633,Passed
2580362,1712654,Passed
2580362,1712617,Passed
2580362,1712656,Passed
2580362,1712570,Passed
2580319,2566137,Passed
2580319,2566139,Passed
2565654,1465303,Passed
2565654,1562464,Passed
2565654,1513947,Passed
2565654,1573867,Passed
2565654,2233281,Passed
2565654,1465555,Passed
2565654,2233249,Passed
2565654,1465557,Passed
2565654,1465559,Passed
2565654,2233277,Passed
2565654,2038095,Passed
2565654,2126783,Passed
2565654,2149069,Passed
2565654,2028261,Passed
2565654,2233273,Passed
2565654,1465290,Passed
2565654,1513991,Passed
2565654,1465374,Passed
2565654,2045824,Passed
2565654,2045830,Passed
2565654,2243633,Passed
2565654,1465573,Passed
2565654,2038089,Passed
2565654,2233263,Passed
2565654,1536123,Passed
2565654,1506605,Passed
2565654,1506607,Passed
2565654,2233275,Passed
2565654,1465561,Passed
2565654,2233279,Passed
2565654,1465360,Passed
2565654,1465611,Passed
2565654,1513951,Passed
2565654,1465286,Passed
2565654,2233267,Passed
2565654,1465376,Passed
2565654,1465278,Passed
2565654,2038087,Passed
2565654,1871596,Passed
2565654,2233265,Passed
2565654,2233261,Passed
2565654,1465366,Passed
2565654,1513945,Passed
2565654,2233257,Passed
2565654,1465569,Passed
2565654,1713033,Passed
2565654,1513953,Passed
2565654,1513995,Passed
2565654,1713029,Passed
2565654,1723026,Passed
2565654,1465280,Passed
2565654,2045826,Passed
2565654,1562460,Passed
2565654,2038081,Passed
2565654,1465276,Passed
2565654,2038085,Passed
2565654,2038091,Passed
2565654,1513993,Passed
2565654,2233259,Passed
2565654,2038083,Passed
2565654,1871594,Passed
2565654,1465274,Passed
2565654,2233251,Passed
2565654,1465354,Passed
2565654,1513949,Passed
2565654,1713031,Passed
2565654,2233271,Passed
2565654,2028267,Passed
2565654,1506603,Passed
2565654,2038972,Passed
2565654,1465282,Passed
2565654,2233269,Passed
2565654,2233255,Passed
2565654,1506601,Passed
2565654,1465372,Passed
2565654,1465288,Passed
2565654,1465571,Passed
2565654,1562462,Passed
2565654,1723024,Passed
2565654,2233283,Passed
2565654,2233287,Passed
2565654,2233285,Passed
2565654,2038093,Passed
2565654,2045828,Passed
2565638,1464961,Passed
2565638,2079250,Passed
2565638,1465095,Passed
2565638,1465059,Passed
2565638,1465207,Passed
2565638,1465071,Passed
2565638,2079300,Passed
2565638,2081915,Passed
2565638,1465089,Passed
2565638,1465079,Passed
2565638,2079296,Passed
2565638,1465031,Passed
2565638,2081911,Passed
2565638,1465069,Passed
2565638,1464963,Passed
2565638,1465215,Passed
2565638,1465087,Passed
2565638,1465085,Passed
2565638,1465237,Passed
2565638,2081941,Passed
2565638,2252665,Passed
2565638,1465193,Passed
2565638,1464965,Passed
2565638,1465197,Passed
2565638,2081939,Passed
2565638,2083759,Passed
2565638,1465225,Passed
2565638,2128822,Passed
2565638,1465053,Passed
2565638,1465227,Passed
2565638,1561342,Passed
2565638,1465097,Passed
2565638,2083749,Passed
2565638,1465077,Passed
2565638,1465057,Passed
2565638,1465067,Passed
2565638,1465217,Passed
2565638,1465061,Passed
2565638,1561348,Passed
2565638,1465199,Passed
2565638,2083751,Passed
2565638,1465221,Passed
2565638,2081909,Passed
2565638,1465205,Passed
2565638,1561336,Passed
2565638,1561338,Passed
2565638,1465083,Passed
2565638,1465233,Passed
2565638,2081943,Passed
2565638,1561350,Passed
2565638,1464967,Passed
2565638,1465195,Passed
2565638,1465209,Passed
2565638,1465099,Passed
2565638,2079252,Passed
2565638,1464969,Passed
2565638,1465101,Passed
2565638,2079294,Passed
2565638,1525760,Passed
2565638,2081907,Passed
2565638,1465235,Passed
2565638,2083761,Passed
2565638,2079298,Passed
2565638,2081955,Passed
2565638,1561340,Passed
2565638,2083757,Passed
2565638,1465223,Passed
2565638,1465794,Passed
2565638,1465029,Passed
2565638,1465103,Passed
2565638,2081917,Passed
2565638,1465213,Passed
2565638,1465065,Passed
2565638,1561346,Passed
2565638,2308671,Passed
2565638,1465091,Passed
2565638,1465075,Passed
2565638,1465093,Passed
2565638,1465201,Passed
2565638,2083753,Passed
2565638,2079668,Passed
2565638,1561344,Passed
2565638,2081883,Passed
2565638,1465229,Passed
2565638,2081937,Passed
2565638,2081913,Passed
2565638,2081919,Passed
2565638,1465219,Passed
2565638,1465231,Passed
2565638,1465063,Passed
2565638,1465081,Passed
2565638,1465211,Passed
2565638,1465203,Passed
2565638,1465055,Passed
2565638,2083755,Passed
2565637,1466549,Passed
2565637,1466551,Passed
2565637,1466553,Passed
2565637,1525636,Passed
2565637,1525638,Passed
2565637,1525642,Passed
2565637,1466507,Passed
2565637,1466559,Passed
2565637,1465609,Passed
2565637,1525654,Passed
2565637,1658245,Passed
2565637,1466561,Passed
2565637,1466585,Passed
2565637,1562466,Passed
2565637,1466485,Passed
2565637,1466497,Passed
2565637,2244451,Passed
2565637,1464837,Passed
2565637,1464839,Passed
2565637,1464841,Passed
2565637,1464843,Passed
2565637,1464847,Passed
2565637,1464855,Passed
2565637,1464857,Passed
2565637,1464859,Passed
2565637,1464861,Passed
2565637,1464863,Passed
2565637,1464865,Passed
2565637,1464867,Passed
2565637,1464869,Passed
2565637,1464871,Passed
2565637,1464873,Passed
2565637,1464875,Passed
2565637,1464879,Passed
2565637,1464881,Passed
2565637,1464921,Passed
2565637,1464957,Passed
2565637,2039002,Passed
2565637,2045832,Passed
2565637,2083809,Passed
2565637,2149235,Passed
2565637,2163815,Passed
2565637,1525628,Passed
2565637,1465168,Passed
2565637,1465243,Passed
2565637,1465245,Passed
2565637,1465247,Passed
2565637,1465249,Passed
2565637,1465257,Passed
2565637,1465263,Passed
2565637,1465170,Passed
2565637,1713021,Passed
2565637,1465726,Passed
2565637,1465770,Passed
2565637,2307344,Passed
2565637,1465772,Passed
2565637,1943848,Passed
2565637,2161410,Passed
2565637,2173779,Passed
2565637,1712132,Passed
2565637,1466514,Passed
2565637,1994584,Passed
2565637,1658243,Passed
2565637,1895388,Passed
2565637,1466499,Passed
2565637,1466571,Passed
2565637,1843800,Passed
2565637,1856843,Passed
2565637,1856845,Passed
2565637,1856824,Passed
2565637,1465154,Passed
2565637,1465730,Passed
2565637,1465044,Passed
2565637,1465046,Passed
2565637,1465052,Passed
2565637,1465774,Passed
2565637,1465780,Passed
2565637,1465776,Passed
2565637,1465486,Passed
2565637,1465782,Passed
2565637,1465788,Passed
2565637,1561405,Passed
2565637,1562468,Passed
2565637,1658203,Passed
2565637,1712128,Passed
2565637,1712130,Passed
2565637,1925112,Passed
2565637,1465786,Passed
2565637,1466495,Passed
2565637,1466475,Passed
2565637,1466518,Passed
2565637,1466520,Passed
2565637,1525620,Passed
2565637,1525622,Passed
2565637,1525624,Passed
2565637,1525630,Passed
2565637,1567895,Passed
2565637,1906907,Passed
2565637,1466541,Passed
2565637,1658235,Passed
2565637,1855148,Passed
2565637,1658239,Passed
2565637,1856813,Passed
2565637,1856835,Passed
2565637,1856837,Passed
2565637,1856839,Passed
2565637,1856841,Passed
2565637,1465707,Passed
2565637,2244538,Passed
2565637,1723995,Passed
2565637,1817687,Passed
2565637,1466232,Passed
2565637,1843772,Passed
2565637,1562371,Passed
2565637,1562373,Passed
2565637,1562475,Passed
2565637,1562458,Passed
2565637,2307005,Passed
2565637,2307007,Passed
2565637,2455000,Passed
2565637,2168901,Passed
2565637,1525640,Passed
2565637,1465732,Passed
2565637,1466481,Passed
2565637,1927580,Passed
2565637,1525644,Passed
2565637,1525632,Passed
2565637,1525634,Passed
2565637,1525648,Passed
2565637,1525650,Passed
2565637,1525652,Passed
2565637,2168850,Passed
2565637,2168852,Passed
2565637,2168914,Passed
2565637,2168924,Passed
2565637,2168916,Passed
2565637,2168918,Passed
2565637,2168920,Passed
2565637,2168922,Passed
2565637,2168926,Passed
2565637,2306964,Passed
2565637,2306999,Passed
2565637,2307001,Passed
2565637,2307003,Passed
2565637,1525614,Passed
2565637,1525618,Passed
2565637,1525626,Passed
2565637,1567889,Passed
2565637,1567891,Passed
2565637,1567893,Passed
2565637,1658205,Passed
2565637,1658213,Passed
2565637,1843798,Passed
2565637,1525616,Passed
2565637,1658237,Passed
2565637,1465050,Passed
2565637,1465790,Passed
2565637,1466493,Passed
2565637,1466543,Passed
2565637,1466545,Passed
2565637,1466547,Passed
2565637,1525612,Passed
2565637,1464977,Passed
2565637,1464981,Passed
2565637,1464987,Passed
2565637,1464598,Passed
2565637,1464600,Passed
2565637,1464602,Passed
2565637,1464604,Passed
2565637,1464608,Passed
2565637,1464612,Passed
2565637,1465008,Passed
2565637,1465109,Passed
2565637,1465111,Passed
2565637,1465113,Passed
2565637,1465115,Passed
2565637,1465117,Passed
2565637,1465119,Passed
2565637,1465121,Passed
2565637,1465123,Passed
2565637,1465125,Passed
2565637,1465034,Passed
2565637,1465129,Passed
2565637,1465131,Passed
2565637,1465137,Passed
2565637,1465139,Passed
2565637,1465042,Passed
2565637,1465048,Passed
2565637,1465173,Passed
2565637,1465177,Passed
2565637,1465179,Passed
2565637,1465181,Passed
2565637,1465183,Passed
2565637,1465239,Passed
2565637,1466373,Passed
2565637,1466375,Passed
2565637,1466377,Passed
2565637,1466379,Passed
2565637,1466381,Passed
2565637,1466383,Passed
2565637,1466385,Passed
2565637,1466387,Passed
2565637,1466389,Passed
2565637,1466391,Passed
2565637,1466393,Passed
2565637,1466395,Passed
2565637,1466397,Passed
2565637,1466399,Passed
2565637,1466477,Passed
2565637,1466479,Passed
2565637,1466555,Passed
2565637,1466557,Passed
2565637,1495302,Passed
2565637,1495304,Passed
2565637,1495335,Passed
2565637,1495337,Passed
2565637,1528603,Passed
2565637,1528605,Passed
2565637,1536102,Passed
2565637,1536107,Passed
2565637,1562310,Passed
2565637,1562336,Passed
2565637,1562503,Passed
2565637,1562505,Passed
2565637,1658075,Passed
2565637,1571240,Passed
2565637,1674394,Passed
2565637,1674396,Passed
2565637,1684147,Passed
2565637,1712171,Passed
2565637,1821241,Passed
2565637,1844717,Passed
2565637,1844719,Passed
2565637,1865378,Passed
2565637,1870087,Passed
2565637,1870089,Passed
2565637,1942983,Passed
2565637,1954712,Passed
2565637,1954754,Passed
2565637,1464929,Passed
2565637,1464979,Passed
2565637,1464959,Passed
2565637,1727875,Passed
2565637,1465784,Passed
2565637,1464851,Passed
2565637,1465149,Passed
2565637,1464831,Passed
2565637,1464994,Passed
2565637,1464833,Passed
2565637,2307340,Skipped
2565637,1465004,Passed
2565637,1465166,Passed
2565637,1464939,Passed
2565637,1464991,Passed
2565637,1464606,Passed
2565637,1464897,Passed
2565637,1464933,Passed
2565637,1465002,Passed
2565637,1464955,Passed
2565637,1464899,Passed
2565637,1464943,Passed
2565637,1464919,Passed
2565637,1839357,Passed
2565637,1465000,Passed
2565637,1464895,Passed
2565637,1464983,Passed
2565637,1464941,Passed
2565637,1464889,Passed
2565637,1464931,Passed
2565637,1464887,Passed
2565637,1465013,Passed
2565637,1464903,Passed
2565637,1465158,Passed
2565637,1464901,Passed
2565637,1465241,Passed
2565637,1465147,Passed
2565637,1464911,Passed
2565637,1464937,Passed
2565637,1464945,Passed
2565637,1465251,Passed
2565637,2307336,Skipped
2565637,1464907,Passed
2565637,1464927,Passed
2565637,1464905,Passed
2565637,1536093,Passed
2565637,1464883,Passed
2565637,2307338,Skipped
2565637,1464975,Passed
2565637,1464849,Passed
2565637,1464917,Passed
2565637,1817689,Skipped
2565637,1735744,Passed
2565637,1465017,Passed
2565637,1464853,Passed
2565637,1817685,Passed
2565637,2307342,Skipped
2565637,1464923,Passed
2565637,1464909,Passed
2565637,1465164,Passed
2565637,1464893,Passed
2565637,1464827,Passed
2565637,1464829,Passed
2565637,1464913,Passed
2565637,1464947,Passed
2565637,1464915,Passed
2565637,1464935,Passed
2565637,1464891,Passed
2565637,1464877,Passed
2565637,1464971,Passed
2565637,1727883,Passed
2565637,2307346,Skipped
2565637,1464845,Passed
2565637,1464989,Passed
2565637,1464885,Passed
2565637,1465015,Passed
2565637,1465010,Passed
2565637,1839359,Passed
2565637,1464925,Passed
2565637,1464973,Passed
2565633,1465185,Passed
2565633,1465271,Passed
2565633,1465299,Passed
2565633,1465301,Passed
2565633,1465284,Passed
2565633,1465292,Passed
2565633,1465370,Passed
2565633,1465563,Passed
2565633,1465607,Passed
2565633,1466575,Passed
2565633,1466577,Passed
2565633,1466579,Passed
2565633,1466581,Passed
2565633,1494425,Passed
2565633,1495329,Passed
2565633,2040923,Passed
2565633,2233253,Passed
2565633,2233289,Passed
2565633,2433189,Passed
2565633,2233291,Passed
2565633,2433191,Passed
2565633,2301443,Passed
2565633,2433185,Passed
2565633,2433187,Passed
2565633,1713135,Passed
2565633,1465189,Passed
2565632,2079314,Passed
2565632,2081925,Passed
2565632,2081935,Passed
2565632,2081945,Passed
2565632,2081947,Passed
2565632,2081949,Passed
2565632,2081957,Passed
2565632,2081963,Passed
2565632,2081965,Passed
2565632,2083765,Passed
2565632,2083779,Passed
2565632,2083795,Passed
2565632,2083803,Passed
2565632,2083805,Passed
2565632,2428893,Passed
2565632,2429077,Passed
2565632,2429079,Passed
2565632,2429057,Passed
2565632,2429059,Passed
2565632,2429061,Passed
2565632,2429063,Passed
2565632,2429065,Passed
2565632,2429067,Passed
2565632,2429069,Passed
2565632,2079620,Passed
2565632,2079622,Passed
2565632,2082601,Passed
2565632,2082439,Passed
2565632,2083741,Passed
2565632,2082225,Passed
2565632,2082581,Passed
2565632,2082537,Passed
2565632,2083633,Passed
2565632,2079456,Passed
2565632,2082181,Passed
2565632,2082563,Passed
2565632,2082233,Passed
2565632,2082429,Passed
2565632,2083615,Passed
2565632,2308699,Passed
2565632,2083549,Passed
2565632,2083649,Passed
2565632,2079328,Passed
2565632,2079358,Passed
2565632,2082479,Passed
2565632,2082579,Passed
2565632,2559539,Passed
2565632,2082559,Passed
2565632,2081861,Passed
2565632,2081865,Passed
2565632,2082471,Passed
2565632,2082213,Passed
2565632,2083703,Passed
2565632,2083579,Passed
2565632,2082231,Passed
2565632,2079632,Passed
2565632,2083689,Passed
2565632,2082057,Passed
2565632,2082539,Passed
2565632,2081863,Passed
2565632,2082371,Passed
2565632,2082319,Passed
2565632,2079472,Passed
2565632,2079330,Passed
2565632,2082525,Passed
2565632,2168847,Passed
2565632,2081859,Passed
2565632,2082289,Passed
2565632,2079446,Passed
2565632,2083727,Passed
2565632,2082473,Passed
2565632,2081875,Passed
2565632,2082495,Passed
2565632,2079466,Passed
2565632,2083675,Passed
2565632,2082401,Passed
2565632,2082159,Passed
2565632,2079644,Passed
2565632,2082151,Passed
2565632,2083623,Passed
2565632,2083665,Passed
2565632,2082405,Passed
2565632,2079402,Passed
2565632,2082311,Passed
2565632,2083619,Passed
2565632,2082587,Passed
2565632,2083561,Passed
2565632,2082489,Passed
2565632,2082529,Passed
2565632,2079432,Passed
2565632,2079664,Passed
2565632,2082287,Passed
2565632,2083629,Passed
2565632,2082485,Passed
2565632,2308693,Passed
2565632,2083531,Passed
2565632,2079418,Passed
2565632,2431671,Passed
2565632,2308677,Passed
2565632,2081975,Passed
2565632,2082223,Passed
2565632,2082585,Passed
2565632,2082139,Passed
2565632,2082421,Passed
2565632,2158739,Passed
2565632,2079388,Passed
2565632,2082355,Passed
2565632,2431657,Passed
2565632,2079458,Passed
2565632,2082603,Passed
2565632,2079648,Passed
2565632,2083683,Passed
2565632,2082137,Passed
2565632,2082451,Passed
2565632,2079376,Passed
2565632,2082163,Passed
2565632,2082195,Passed
2565632,2082261,Passed
2565632,2079616,Passed
2565632,2082299,Passed
2565632,2082171,Passed
2565632,2082193,Passed
2565632,2082145,Passed
2565632,2082617,Passed
2565632,2082611,Passed
2565632,2079412,Passed
2565632,2083599,Passed
2565632,2082237,Passed
2565632,2081855,Passed
2565632,2082207,Passed
2565632,2082497,Passed
2565632,2079350,Passed
2565632,2082505,Passed
2565632,2083653,Passed
2565632,2082091,Passed
2565632,2083705,Passed
2565632,2079392,Passed
2565632,2082053,Passed
2565632,2079604,Passed
2565632,2082455,Passed
2565632,2082535,Passed
2565632,2082033,Passed
2565632,2083521,Passed
2565632,2308695,Passed
2565632,2082475,Passed
2565632,2082523,Passed
2565632,2082093,Passed
2565632,2082059,Passed
2565632,2082279,Passed
2565632,2079610,Passed
2565632,2079396,Passed
2565632,2083523,Passed
2565632,2083569,Passed
2565632,2083585,Passed
2565632,2083573,Passed
2565632,2082351,Passed
2565632,2083545,Passed
2565632,2082367,Passed
2565632,2082551,Passed
2565632,2082469,Passed
2565632,2082169,Passed
2565632,2079474,Passed
2565632,2083567,Passed
2565632,2081979,Passed
2565632,2079354,Passed
2565632,2082031,Passed
2565632,2082071,Passed
2565632,2082383,Passed
2565632,2079287,Passed
2565632,2079608,Passed
2565632,2082443,Passed
2565632,2079386,Passed
2565632,2082205,Passed
2565632,2082209,Passed
2565632,2082327,Passed
2565632,2083715,Passed
2565632,2082187,Passed
2565632,2079480,Passed
2565632,2083669,Passed
2565632,2083739,Passed
2565632,2081959,Passed
2565632,2082433,Passed
2565632,2079462,Passed
2565632,2082285,Passed
2565632,2308679,Passed
2565632,2079612,Passed
2565632,2082135,Passed
2565632,2083733,Passed
2565632,2081885,Passed
2565632,2082335,Passed
2565632,2081993,Passed
2565632,2082087,Passed
2565632,2079422,Passed
2565632,2083541,Passed
2565632,2079283,Passed
2565632,2081873,Passed
2565632,2082373,Passed
2565632,2082333,Passed
2565632,2082379,Passed
2565632,2082011,Passed
2565632,2082509,Passed
2565632,2083601,Passed
2565632,2082403,Passed
2565632,2083677,Passed
2565632,2083557,Passed
2565632,2079404,Passed
2565632,2081999,Passed
2565632,2082015,Passed
2565632,2081981,Passed
2565632,2079438,Passed
2565632,2082255,Passed
2565632,2081857,Passed
2565632,2431679,Passed
2565632,2079470,Passed
2565632,2079646,Passed
2565632,2081989,Passed
2565632,2431655,Passed
2565632,2082273,Passed
2565632,2082413,Passed
2565632,2082197,Passed
2565632,2082447,Passed
2565632,2082003,Passed
2565632,2082577,Passed
2565632,2082079,Passed
2565632,2082021,Passed
2565632,2082415,Passed
2565632,2082527,Passed
2565632,2146638,Passed
2565632,2083735,Passed
2565632,2082099,Passed
2565632,2082035,Passed
2565632,2083609,Passed
2565632,2079342,Passed
2565632,2082431,Passed
2565632,2082115,Passed
2565632,2083627,Passed
2565632,2082101,Passed
2565632,2079352,Passed
2565632,2082397,Passed
2565632,2079642,Passed
2565632,2082503,Passed
2565632,2431667,Passed
2565632,2082111,Passed
2565632,2082009,Passed
2565632,2082247,Passed
2565632,2079285,Passed
2565632,2082189,Passed
2565632,2082047,Passed
2565632,2082183,Passed
2565632,2082561,Passed
2565632,2081887,Passed
2565632,2083635,Passed
2565632,2082121,Passed
2565632,2082361,Passed
2565632,2082531,Passed
2565632,2079406,Passed
2565632,2431133,Passed
2565632,2308675,Passed
2565632,2082399,Passed
2565632,2079452,Passed
2565632,2079344,Passed
2565632,2082591,Passed
2565632,2079428,Passed
2565632,2083717,Passed
2565632,2431681,Passed
2565632,2082301,Passed
2565632,2082259,Passed
2565632,2082553,Passed
2565632,2079338,Passed
2565632,2082005,Passed
2565632,2081987,Passed
2565632,2079662,Passed
2565632,2082501,Passed
2565632,2082621,Passed
2565632,2083555,Passed
2565632,2431131,Passed
2565632,2082267,Passed
2565632,2081921,Passed
2565632,2082275,Passed
2565632,2079618,Passed
2565632,2082025,Passed
2565632,2082345,Passed
2565632,2079660,Passed
2565632,2083659,Passed
2565632,2079602,Passed
2565632,2308701,Passed
2565632,2082253,Passed
2565632,2079600,Passed
2565632,2079638,Passed
2565632,2082483,Passed
2565632,2083595,Passed
2565632,2083611,Passed
2565632,2082515,Passed
2565632,2081879,Passed
2565632,2082241,Passed
2565632,2082609,Passed
2565632,2082109,Passed
2565632,2082165,Passed
2565632,2082347,Passed
2565632,2082615,Passed
2565632,2083591,Passed
2565632,2082359,Passed
2565632,2082337,Passed
2565632,2082239,Passed
2565632,2079356,Passed
2565632,2082555,Passed
2565632,2431673,Passed
2565632,2079322,Passed
2565632,2082185,Passed
2565632,2079626,Passed
2565632,2083597,Passed
2565632,2431665,Passed
2565632,2082125,Passed
2565632,2082575,Passed
2565632,2082593,Passed
2565632,2082477,Passed
2565632,2079636,Passed
2565632,2081969,Passed
2565632,2082175,Passed
2565632,2083535,Passed
2565632,2083655,Passed
2565632,2082051,Passed
2565632,2079414,Passed
2565632,2083607,Passed
2565632,2082605,Passed
2565632,2079486,Passed
2565632,2083701,Passed
2565632,2082155,Passed
2565632,2082389,Passed
2565632,2082227,Passed
2565632,2082147,Passed
2565632,2082393,Passed
2565632,2082381,Passed
2565632,2083575,Passed
2565632,2082217,Passed
2565632,2082105,Passed
2565632,2082293,Passed
2565632,2082129,Passed
2565632,2083605,Passed
2565632,2082437,Passed
2565632,2082167,Passed
2565632,2082467,Passed
2565632,2081853,Passed
2565632,2082459,Passed
2565632,2082453,Passed
2565632,2308683,Passed
2565632,2082177,Passed
2565632,2082149,Passed
2565632,2082201,Passed
2565632,2082565,Passed
2565632,2082349,Passed
2565632,2083709,Passed
2565632,2079464,Passed
2565632,2082407,Passed
2565632,2082063,Passed
2565632,2083647,Passed
2565632,2082493,Passed
2565632,2079640,Passed
2565632,2079360,Passed
2565632,2082533,Passed
2565632,2082511,Passed
2565632,2082631,Passed
2565632,2324638,Passed
2565632,2431683,Passed
2565632,2083587,Passed
2565632,2083637,Passed
2565632,2082517,Passed
2565632,2079476,Passed
2565632,2082131,Passed
2565632,2079394,Passed
2565632,2082321,Passed
2565632,2082235,Passed
2565632,2082269,Passed
2565632,2082075,Passed
2565632,2082271,Passed
2565632,2306961,Passed
2565632,2079468,Passed
2565632,2082257,Passed
2565632,2079440,Passed
2565632,2082549,Passed
2565632,2083581,Passed
2565632,2082211,Passed
2565632,2082141,Passed
2565632,2308687,Passed
2565632,2082457,Passed
2565632,2082513,Passed
2565632,2079628,Passed
2565632,2081971,Passed
2565632,2082127,Passed
2565632,2079606,Passed
2565632,2082221,Passed
2565632,2082117,Passed
2565632,2082391,Passed
2565632,2431661,Passed
2565632,2082423,Passed
2565632,2079658,Passed
2565632,2079408,Passed
2565632,2082001,Passed
2565632,2083543,Passed
2565632,2308697,Passed
2565632,2083641,Passed
2565632,2081951,Passed
2565632,2082589,Passed
2565632,2083529,Passed
2565632,2079318,Passed
2565632,2082411,Passed
2565632,2079624,Passed
2565632,2081995,Passed
2565632,2082173,Passed
2565632,2082199,Passed
2565632,2082487,Passed
2565632,2083645,Passed
2565632,2079400,Passed
2565632,2083563,Passed
2565632,2082417,Passed
2565632,2082419,Passed
2565632,2079340,Passed
2565632,2082449,Passed
2565632,2079336,Passed
2565632,2083697,Passed
2565632,2081923,Passed
2565632,2082363,Passed
2565632,2083731,Passed
2565632,2481528,Passed
2565632,2082045,Passed
2565632,2079289,Passed
2565632,2081869,Passed
2565632,2081877,Passed
2565632,2308681,Passed
2565632,2083745,Passed
2565632,2082097,Passed
2565632,2082463,Passed
2565632,2079346,Passed
2565632,2082395,Passed
2565632,2079436,Passed
2565632,2079454,Passed
2565632,2082557,Passed
2565632,2082567,Passed
2565632,2079430,Passed
2565632,2308689,Passed
2565632,2083661,Passed
2565632,2079424,Passed
2565632,2079281,Passed
2565632,2082427,Passed
2565632,2082191,Passed
2565632,2082357,Passed
2565632,2082499,Passed
2565632,2082251,Passed
2565632,2082317,Passed
2565632,2083539,Passed
2565632,2082307,Passed
2565632,2082365,Passed
2565632,2082369,Passed
2565632,2082249,Passed
2565632,2081871,Passed
2565632,2308617,Passed
2565632,2079614,Passed
2565632,2082291,Passed
2565632,2082179,Passed
2565632,2082465,Passed
2565632,2082143,Passed
2565632,2082409,Passed
2565632,2082541,Passed
2565632,2079442,Passed
2565632,2082627,Passed
2565632,2082069,Passed
2565632,2082065,Passed
2565632,2083537,Passed
2565632,2082123,Passed
2565632,2083681,Passed
2565632,2082507,Passed
2565632,2079416,Passed
2565632,2082095,Passed
2565632,2082061,Passed
2565632,2079426,Passed
2565632,2079634,Passed
2565632,2082277,Passed
2565632,2082435,Passed
2565632,2079348,Passed
2565632,2082041,Passed
2565632,2082133,Passed
2565632,2079382,Passed
2565632,2083723,Passed
2565632,2079594,Passed
2565632,2431677,Passed
2565632,2082377,Passed
2565632,2082305,Passed
2565632,2079448,Passed
2565632,2308685,Passed
2565632,2082067,Passed
2565632,2082153,Passed
2565632,2083693,Passed
2565632,2311323,Passed
2565632,2079334,Passed
2565632,2083673,Passed
2565632,2308691,Passed
2565632,2082313,Passed
2565632,2083687,Passed
2565632,2082017,Passed
2565632,2082085,Passed
2565632,2083711,Passed
2565632,2082385,Passed
2565632,2082543,Passed
2565632,2082445,Passed
2565632,2243591,Passed
2565632,2559537,Passed
2565632,2081985,Passed
2565632,2082491,Passed
2565632,2082265,Passed
2565632,2083533,Passed
2565632,2082229,Passed
2565632,2082461,Passed
2565632,2082243,Passed
2565632,2082263,Passed
2565632,2082353,Passed
2565632,2082387,Passed
2565632,2135598,Passed
2565632,2082607,Passed
2565632,2082425,Passed
2565632,2082343,Passed
2565632,2082481,Passed
2565632,2083593,Passed
2565632,2082375,Passed
2565632,2082027,Passed
2565632,2082215,Passed
2565632,2082081,Passed
2565632,2082625,Passed
2565632,2079482,Passed
2565632,2082329,Passed
2565632,2079630,Passed
2565632,2081961,Skipped
2565632,2082323,Passed
2565632,2082203,Passed
2565632,2082161,Passed
2565632,2082019,Passed
2565632,2081967,Passed
2565632,2082441,Passed
2565632,2083621,Passed
2565632,2082157,Passed
2565632,2082245,Passed
2565632,2082219,Passed
2565632,2082037,Passed
2565632,2082583,Passed
2565632,2083551,Passed
2565631,2081977,Passed
2565631,2083625,Passed
2565631,2082043,Passed
2565631,2083547,Passed
2565631,2082315,Passed
2565631,2083667,Passed
2565631,2083613,Passed
2565631,2083559,Passed
2565631,2082077,Passed
2565631,2083617,Passed
2565631,2081983,Passed
2565631,2083707,Passed
2565631,2082049,Passed
2565631,2083519,Passed
2565631,2083583,Passed
2565631,2082023,Passed
2565631,2082029,Passed
2565631,2083695,Passed
2565631,2082013,Passed
2565631,2082331,Passed
2565631,2083685,Passed
2565631,2083639,Passed
2565631,2083713,Passed
2565631,2083671,Passed
2565631,2082039,Passed
2565631,2083603,Passed
2565631,2083699,Passed
2565631,2083553,Passed
2565631,2083651,Passed
2565631,2083729,Passed
2565631,2082635,Passed
2565631,2081991,Passed
2565631,2083737,Passed
2565631,2082107,Passed
2565631,2083643,Passed
2565631,2083743,Passed
2565631,2082309,Passed
2565631,2082597,Passed
2565631,2082055,Passed
2565631,2082325,Passed
2565631,2083725,Passed
2565631,2082103,Passed
2565631,2083657,Passed
2565631,2083679,Passed
2565631,2082113,Passed
2565631,2082073,Passed
2565631,2081997,Passed
2565631,2082007,Passed
2565631,2083577,Passed
2565631,2083565,Passed
2565631,2083571,Passed
2565631,2083631,Passed
2565631,2082119,Passed
2565630,2308657,Passed
2565630,2308631,Passed
2565630,2083719,Passed
2565630,2308621,Passed
2565630,2083691,Passed
2565630,2308663,Passed
2565630,2308669,Passed
2565630,2308633,Passed
2565630,2082629,Passed
2565630,2082633,Passed
2565630,2308665,Passed
2565630,2081889,Passed
2565630,2083721,Passed
2565630,2082341,Passed
2565630,2083663,Passed
2565630,2308659,Passed
2565630,2308623,Passed
2565630,2308627,Passed
2565630,2308629,Passed
2565630,2081891,Passed
2565630,2308655,Passed
2565630,2308667,Passed
2565630,2081893,Passed
2565630,2082339,Passed
2565630,2308661,Passed
2565630,2308625,Passed
2565630,2082623,Passed
2565630,2082613,Passed
2565630,2082619,Passed
2565630,2308619,Passed
2565629,2082297,Passed
2565629,2082303,Passed
2565629,2082519,Passed
2565629,2082521,Passed
2565629,2082545,Passed
2565629,2082547,Passed
2565629,2082571,Passed
2565629,2082573,Passed
2565629,2082599,Passed
2565629,2083525,Passed
2565629,2083527,Passed
2565629,2082083,Passed
2565629,2082089,Passed
2565629,2083589,Passed
2565629,2555640,Passed
2565593,1465349,Passed
2565593,1514001,Passed
2565593,1514453,Passed
2565593,1514577,Passed
2565593,1514603,Passed
2565593,1514027,Passed
2565593,1514352,Passed
2565593,1514005,Passed
2565593,1514537,Passed
2565593,1514437,Passed
2565593,1514499,Passed
2565593,1514131,Passed
2565593,1465654,Passed
2565593,1514481,Passed
2565593,1514459,Passed
2565593,1514177,Passed
2565593,1514348,Passed
2565593,1514175,Passed
2565593,2083227,Passed
2565593,1514619,Passed
2565593,1514475,Passed
2565593,1514555,Passed
2565593,1465446,Passed
2565593,1514095,Passed
2565593,1514429,Passed
2565593,1514593,Passed
2565593,1514225,Passed
2565593,1514423,Passed
2565593,1514087,Passed
2565593,1514194,Passed
2565593,1514119,Passed
2565593,1514617,Passed
2565593,1514396,Passed
2565593,1514589,Passed
2565593,1514354,Passed
2565593,1514035,Passed
2565593,1514483,Passed
2565593,1712164,Passed
2565593,1514503,Passed
2565593,1514242,Passed
2565593,1514328,Passed
2565593,1514240,Passed
2565593,1514563,Passed
2565593,1514597,Passed
2565593,1514364,Passed
2565593,1514258,Passed
2565593,1514204,Passed
2565593,1514254,Passed
2565593,1514439,Passed
2565593,1514238,Passed
2565593,1514579,Passed
2565593,1514521,Passed
2565593,1514019,Passed
2565593,1514300,Passed
2565593,1465699,Passed
2565593,1514031,Passed
2565593,1514210,Passed
2565593,1514551,Passed
2565593,1514039,Passed
2565593,1514493,Passed
2565593,1514400,Passed
2565593,1514153,Passed
2565593,1465638,Passed
2565593,1514029,Passed
2565593,1514023,Passed
2565593,1514234,Passed
2565593,1514449,Passed
2565593,1514621,Passed
2565593,1514519,Passed
2565593,1465581,Passed
2565593,1514529,Passed
2565593,1465434,Passed
2565593,1514161,Passed
2565593,1514547,Passed
2565593,1514485,Passed
2565593,1514306,Passed
2565593,1514583,Passed
2565593,1514280,Passed
2565593,1465444,Passed
2565593,1514342,Passed
2565593,1514543,Passed
2565593,1514509,Passed
2565593,1514350,Passed
2565593,1514045,Passed
2565593,1514236,Passed
2565593,1514515,Passed
2565593,1514294,Passed
2565593,1514383,Passed
2565593,1514611,Passed
2565593,1514505,Passed
2565593,1514318,Passed
2565593,1514435,Passed
2565593,1514276,Passed
2565593,1514673,Passed
2565593,2045862,Passed
2565593,1514137,Passed
2565593,1514338,Passed
2565593,1514501,Passed
2565593,1514571,Passed
2565593,1514310,Passed
2565593,1514513,Passed
2565593,1514071,Passed
2565593,1514575,Passed
2565593,1514079,Passed
2565593,1514356,Passed
2565593,1514381,Passed
2565593,1514169,Passed
2565593,1514248,Passed
2565593,1514057,Passed
2565593,1514451,Passed
2565593,1514419,Passed
2565593,1514433,Passed
2565593,1514469,Passed
2565593,1855160,Passed
2565593,1514336,Passed
2565593,2083223,Passed
2565593,1514473,Passed
2565593,1514282,Passed
2565593,1514489,Passed
2565593,1514049,Passed
2565593,1514607,Passed
2565593,1514561,Passed
2565593,1514316,Passed
2565593,1845463,Passed
2565593,1514417,Passed
2565593,1514173,Passed
2565593,1465413,Passed
2565593,1514061,Passed
2565593,1514246,Passed
2565593,1514595,Passed
2565593,1514455,Passed
2565593,1513999,Passed
2565593,1514155,Passed
2565593,1514159,Passed
2565593,1514187,Passed
2565593,1465656,Passed
2565593,1514081,Passed
2565593,1514189,Passed
2565593,1514264,Passed
2565593,1465412,Passed
2565593,1514284,Passed
2565593,1514431,Passed
2565593,1514111,Passed
2565593,1514557,Passed
2565593,1514200,Passed
2565593,1514302,Passed
2565593,1514379,Passed
2565593,1514393,Passed
2565593,1514443,Passed
2565593,1514447,Passed
2565593,1514402,Passed
2565593,1514298,Passed
2565593,1514441,Passed
2565593,1514330,Passed
2565593,1514415,Passed
2565593,1514033,Passed
2565593,1514278,Passed
2565593,1514179,Passed
2565593,1525777,Passed
2565593,1514362,Passed
2565593,1514663,Passed
2565593,1514107,Passed
2565593,1514370,Passed
2565593,1514559,Passed
2565593,1514063,Passed
2565593,1465351,Passed
2565593,1465629,Passed
2565593,1514517,Passed
2565593,2037107,Passed
2565593,1514151,Passed
2565593,1514219,Passed
2565593,1514215,Passed
2565593,1514165,Passed
2565593,1465636,Passed
2565593,1514037,Passed
2565593,1514406,Passed
2565593,1514103,Passed
2565593,1514167,Passed
2565593,1514525,Passed
2565593,1525779,Passed
2565593,1514623,Passed
2565593,1465410,Passed
2565593,1465658,Passed
2565593,1514017,Passed
2565593,1514181,Passed
2565593,1514391,Passed
2565593,1514223,Passed
2565593,1514252,Passed
2565593,1465589,Passed
2565593,1514109,Passed
2565593,1514322,Passed
2565593,1562527,Passed
2565593,1465408,Passed
2565593,1514065,Passed
2565593,1514127,Passed
2565593,1514326,Passed
2565593,1514113,Passed
2565593,1514007,Passed
2565593,1514163,Passed
2565593,1514368,Passed
2565593,1514145,Passed
2565593,1514090,Passed
2565593,1514053,Passed
2565593,1863742,Passed
2565593,1514296,Passed
2565593,1514408,Passed
2565593,1514523,Passed
2565593,1514270,Passed
2565593,1514567,Passed
2565593,2083225,Passed
2565593,1514191,Passed
2565593,1514463,Passed
2565593,1514143,Passed
2565593,1514067,Passed
2565593,1514527,Passed
2565593,1514465,Passed
2565593,1514101,Passed
2565593,1514394,Passed
2565593,1514425,Passed
2565593,1514398,Passed
2565593,1514553,Passed
2565593,1514268,Passed
2565593,1514208,Passed
2565593,1514332,Passed
2565593,1514421,Passed
2565593,1514461,Passed
2565593,1514511,Passed
2565593,1514565,Passed
2565593,1514477,Passed
2565593,1514539,Passed
2565593,1465450,Passed
2565593,1514471,Passed
2565593,1562529,Passed
2565593,1514358,Passed
2565593,1514491,Passed
2565593,1514427,Passed
2565593,1465448,Passed
2565593,1514059,Passed
2565593,1514346,Passed
2565593,1514545,Passed
2565593,1514266,Passed
2565593,1514375,Passed
2565593,1514121,Passed
2565593,1514613,Passed
2565593,1514171,Passed
2565593,1514286,Passed
2565593,1514535,Passed
2565593,1514615,Passed
2565593,1514231,Passed
2565593,1514256,Passed
2565593,1514105,Passed
2565593,1514009,Passed
2565593,1465402,Passed
2565593,1514260,Passed
2565593,1514183,Passed
2565593,1465442,Passed
2565593,1513997,Passed
2565593,1514133,Passed
2565593,1514212,Passed
2565593,1514591,Passed
2565593,1514185,Passed
2565593,1514147,Passed
2565593,1514157,Passed
2565593,1514055,Passed
2565593,1525781,Passed
2565593,1514609,Passed
2565593,1514021,Passed
2565593,1514372,Passed
2565593,1514667,Passed
2565593,1465697,Passed
2565593,1514115,Passed
2565593,1514581,Passed
2565593,1514025,Passed
2565593,1514292,Passed
2565593,1514507,Passed
2565593,1514344,Passed
2565593,1514233,Passed
2565593,1514377,Passed
2565593,1514366,Passed
2565593,1514193,Passed
2565593,1514135,Passed
2565593,1514250,Passed
2565593,1514541,Passed
2565593,1465631,Passed
2565593,1514139,Passed
2565593,1514069,Passed
2565593,1514387,Passed
2565593,1514569,Passed
2565593,1514314,Passed
2565593,1514385,Passed
2565593,1514665,Passed
2565593,1514340,Passed
2565593,1514389,Passed
2565593,1514497,Passed
2565593,1562499,Passed
2565593,1514206,Passed
2565593,1514083,Passed
2565593,1562495,Passed
2565593,1514051,Passed
2565593,1514149,Passed
2565593,1465660,Passed
2565593,1514288,Passed
2565593,1514549,Passed
2565593,1514495,Passed
2565593,2083221,Passed
2565593,1514573,Passed
2565593,1514320,Passed
2565593,1514262,Passed
2565593,1514041,Passed
2565593,1514272,Passed
2565593,1514229,Passed
2565593,1465650,Passed
2565593,1514587,Passed
2565593,1514141,Passed
2565593,1514487,Passed
2565593,1514129,Passed
2565593,1465400,Passed
2565593,1514324,Passed
2565593,1514077,Passed
2565593,1514003,Passed
2565593,1514092,Passed
2565593,1514217,Passed
2565593,1514304,Passed
2565593,1514404,Passed
2565593,1514457,Passed
2565593,1514479,Passed
2565593,1514308,Passed
2565593,1514099,Passed
2565593,1514334,Passed
2565593,1514467,Passed
2565593,1514075,Passed
2565593,1514290,Passed
2565593,1514244,Passed
2565593,1514015,Passed
2565593,1514312,Passed
2565593,1514043,Passed
2565593,1514073,Passed
2565593,1514531,Passed
2565593,1514013,Passed
2565593,1514445,Passed
2565593,1514202,Passed
2565593,1514585,Passed
2565593,1514221,Passed
2565593,1844641,Passed
2565593,1514625,Passed
2565593,1514605,Passed
2565593,1514227,Passed
2565593,1514360,Passed
2565593,1514047,Passed
2565593,1514097,Passed
2565593,1562497,Passed
2565593,1514011,Passed
2565593,1514533,Passed
2565593,1514274,Passed
2565591,1571041,Passed
2565591,1713023,Passed
2565591,1723082,Passed
2565591,1723084,Passed
2565591,2045890,Passed
2565591,2045914,Passed
2565591,2045916,Passed
2565591,2237455,Passed
2565591,2241520,Passed
2565591,2243631,Passed
2565591,2306954,Passed
2565591,2045918,Passed
2565591,2045928,Passed
2565591,2086767,Passed
2565591,2306956,Passed
2565591,2306958,Passed
2565591,2433180,Passed
2565591,2433182,Passed
2565591,2431640,Passed
2565591,2464993,Passed
2565591,2248493,Passed
2565591,2465024,Passed
2565591,2498268,Passed
2565591,2431695,Passed
2565591,2431697,Passed
2565591,1562348,Passed
2565591,1562350,Passed
2565591,1562352,Passed
2565591,1562357,Passed
2565591,1562359,Passed
2565591,1562361,Passed
2565591,1562363,Passed
2565591,1562374,Passed
2565591,1562376,Passed
2565591,1562378,Passed
2565591,1562380,Passed
2565591,1562382,Passed
2565591,1562365,Passed
2565591,1562384,Passed
2565591,1562386,Passed
2565591,1562444,Passed
2565591,1562454,Passed
2565591,2042932,Passed
2565591,2042974,Passed
2565591,2042976,Passed
2565591,2042978,Passed
2565591,1465378,Passed
2565591,1465380,Passed
2565591,1465347,Passed
2565591,2308760,Passed
2565591,2248515,Passed
2565591,1465404,Passed
2565591,1465406,Passed
2565591,1465438,Passed
2565591,1465440,Passed
2565591,2241897,Passed
2565591,1514631,Passed
2565591,2038995,Passed
2565591,1465634,Passed
2565591,1465627,Passed
2565591,1465648,Passed
2565591,2304337,Passed
2565591,2304339,Passed
2565591,2304341,Passed
2565591,2304343,Passed
2565591,2304345,Passed
2565591,2241435,Passed
2565591,2243655,Passed
2565591,1562346,Passed
2565591,1907807,Passed
2565591,2308765,Passed
2565591,2565614,Passed
2565591,1465390,Passed
2565591,1465392,Passed
2565591,1465394,Passed
2565591,1465396,Passed
2565591,1494427,Passed
2565591,1494430,Passed
2565591,1494432,Passed
2565591,1495312,Passed
2565591,1495318,Passed
2565591,1495320,Passed
2565591,1898883,Passed
2565591,2038097,Passed
2565591,2038099,Passed
2565591,2038101,Passed
2565591,2304351,Passed
2565591,2304353,Passed
2565591,1821635,Passed
2565591,2038103,Passed
2565591,2038105,Passed
2565591,2038107,Passed
2565591,2038125,Passed
2565591,2042930,Passed
2565591,2045854,Passed
2565591,2045856,Passed
2565591,2045858,Passed
2565591,2045860,Passed
2565591,2304347,Passed
2565591,2304349,Passed
2565591,2431687,Passed
2565591,2431689,Passed
2565591,2431691,Passed
2565591,1723078,Passed
2565591,1723080,Passed
2565591,2037109,Passed
2565591,2308758,Passed
2565591,2308762,Passed
2565591,2308771,Passed
2565591,2308767,Passed
2565591,2431693,Passed
2565591,2431699,Passed
2565591,2431701,Passed
2565591,2431703,Passed
2565591,2445763,Passed
2565591,1465452,Passed
2565591,1465525,Passed
2565591,1465531,Passed
2565591,1465551,Passed
2565591,1465553,Passed
2565591,1465583,Passed
2565591,1465591,Passed
2565591,1465585,Passed
2565591,1465593,Passed
2565591,1465597,Passed
2565591,1514633,Passed
2565591,1514645,Passed
2565591,1514647,Passed
2565591,1514649,Passed
2565591,1514651,Passed
2565591,1514655,Passed
2565591,1514669,Passed
2565591,1514671,Passed
2565591,1514657,Passed
2565591,1514659,Passed
2565591,1514661,Passed
2565591,1562340,Passed
2565591,1562327,Passed
2565591,1562329,Passed
2565591,1562331,Passed
2565591,1562355,Passed
2565591,1562342,Passed
2565591,1562344,Passed
2565591,2045920,Passed
2565591,1465523,Passed
2565591,1562321,Passed
2565591,2045892,Passed
2565591,1562325,Passed
2565591,1713027,Passed
2565591,1514641,Passed
2565591,1514635,Passed
2565591,2146655,Passed
2565591,1514643,Passed
2565591,1562323,Passed
2565591,1713025,Passed
2565591,1514639,Passed
2565591,2045926,Passed
2565591,2045924,Passed
2565591,1514637,Passed
2565591,2045922,Passed
